beta,cell_id,ecology,epsilon,g_excess_obs,g_excess_obs_joint,g_obs,g_obs_joint,k,psi_bit_0,psi_bit_128,psi_bit_16,psi_bit_32,psi_bit_64,psi_joint_0,psi_joint_128,psi_joint_16,psi_joint_32,psi_joint_64,q_share,seed
0.0,C0,V31_FRESH,0.1,0.0,0.0,0.0011313613002244182,0.0025270756163615488,8,0.002088758680555555,0.009358723958333336,0.006245930989583333,0.012051052517361112,0.007493760850694444,0.0009765625,0.01763916015625,0.010009765625,0.02252197265625,0.01318359375,0.0,98101
4.0,C1,V31_FRESH,0.1,-0.0034347037987038473,-0.0030461319329065165,-0.002303342498479429,-0.0005190563165449676,8,0.002088758680555555,0.009229871961805556,0.005452473958333332,0.01378716362847222,0.00592041015625,0.0009765625,0.01373291015625,0.00787353515625,0.015869140625,0.00885009765625,0.0,98101
8.0,C2,V31_FRESH,0.1,0.014817485505524669,0.01393015239292603,0.015948846805749088,0.01645722800928758,8,0.002088758680555555,0.008470323350694444,0.0048828125,0.009284125434027778,0.011345757378472224,0.0009765625,0.013916015625,0.00689697265625,0.01422119140625,0.01666259765625,0.0,98101
12.0,C3,V31_FRESH,0.1,0.0022729727467756893,0.00048821932223835516,0.0034043340470001075,0.003015294938599904,8,0.002088758680555555,0.00955539279513889,0.006571451822916669,0.005777994791666668,0.0074598524305555585,0.0009765625,0.01470947265625,0.00927734375,0.00982666015625,0.0107421875,0.0,98101
20.0,C4,V31_FRESH,0.1,-0.008195146903299002,0.0023958859395598426,-0.007063785603074584,0.004922961555921391,8,0.002088758680555555,0.00726996527777778,0.00960964626736111,0.006401909722222224,0.006456163194444446,0.0009765625,0.01708984375,0.01123046875,0.012939453125,0.014404296875,0.0,98101
16.0,C5,V31_FRESH,0.55,-0.005903513893710631,-0.007308248276862762,-0.004772152593486212,-0.004781172660501213,8,0.002088758680555555,0.00851779513888889,0.006625705295138888,0.006462944878472223,0.005323621961805557,0.0009765625,0.015869140625,0.01666259765625,0.01373291015625,0.012939453125,0.0,98101
12.0,C6,V31_FRESH,0.1,-0.01067271816680802,-0.023968988816787627,-0.009541356866583603,-0.02144191320042608,8,0.002088758680555555,0.0033704969618055564,0.007927788628472224,0.00241427951388889,0.004075792100694444,0.0009765625,0.00494384765625,0.01861572265625,0.00738525390625,0.00592041015625,0.5,98101
12.0,C7,V31_FRESH,0.1,0.006680667445826155,-0.01918838830333346,0.007812028746050573,-0.01666131268697191,8,0.002088758680555555,0.0008748372395833334,0.0017971462673611108,0.0015258789062499998,0.0024685329861111114,0.0009765625,0.00054931640625,0.010009765625,0.005126953125,0.004150390625,1.0,98101
0.0,C0,V31_FRESH,0.1,0.0,0.0,0.013532293876083686,0.02452281321730422,8,0.005642361111111112,0.01947699652777778,0.00521511501736111,0.005811903211805554,0.009772406684027778,0.007568359375,0.03228759765625,0.0048828125,0.01617431640625,0.01861572265625,0.0,98102
4.0,C1,V31_FRESH,0.1,-0.02220739551551261,-0.014563306785682663,-0.008675101639428922,0.009959506431621558,8,0.005642361111111112,0.007269965277777778,0.009338378906250002,0.006951226128472222,0.005967881944444446,0.007568359375,0.01812744140625,0.00640869140625,0.02099609375,0.0126953125,0.0,98102
8.0,C2,V31_FRESH,0.1,-0.015824459235650668,-0.034725731108353565,-0.0022921653595669835,-0.010202917891049344,8,0.005642361111111112,0.008924696180555558,0.002739800347222222,0.008761935763888892,0.0031195746527777775,0.007568359375,0.01025390625,0.0087890625,0.0205078125,0.006591796875,0.0,98102
12.0,C3,V31_FRESH,0.1,-0.022269490924815658,-0.023490362692896487,-0.00873719704873197,0.001032450524407734,8,0.005642361111111112,0.010260687934027778,0.015001085069444446,0.015848795572916668,0.010253906249999998,0.007568359375,0.01226806640625,0.009033203125,0.013916015625,0.01031494140625,0.0,98102
20.0,C4,V31_FRESH,0.1,-0.0032948836094181984,0.009310408393748415,0.010237410266665487,0.033833221611052636,8,0.005642361111111112,0.01152886284722222,0.0029568142361111093,0.007548014322916666,0.005642361111111111,0.007568359375,0.01666259765625,0.00341796875,0.01080322265625,0.01959228515625,0.0,98102
16.0,C5,V31_FRESH,0.55,-0.007071760655649588,-0.011365356001504128,0.006460533220434097,0.013157457215800092,8,0.005642361111111112,0.004184299045138887,0.005323621961805555,0.014431423611111112,0.008680555555555558,0.007568359375,0.013916015625,0.00885009765625,0.02008056640625,0.018798828125,0.0,98102
12.0,C6,V31_FRESH,0.1,-0.034179627193528794,-0.06130194657169888,-0.020647333317445112,-0.03677913335439466,8,0.005642361111111112,0.003906250000000001,0.009609646267361114,0.007113986545138891,0.0035875108506944436,0.007568359375,0.00592041015625,0.01031494140625,0.01715087890625,0.002197265625,0.5,98102
12.0,C7,V31_FRESH,0.1,-0.013582260880449767,-0.003645355557685817,-4.996700436608225e-05,0.020877457659618404,8,0.005642361111111112,0.0034247504340277784,0.001254611545138889,0.002068413628472222,0.0013834635416666667,0.007568359375,0.00836181640625,0.00103759765625,0.00787353515625,0.00396728515625,1.0,98102
0.0,C0,V31_FRESH,0.1,0.0,0.0,0.009005874800690247,0.03166437263919434,8,0.003858778211805556,0.013563368055555556,0.004726833767361109,0.012376573350694444,0.008578830295138892,0.00537109375,0.01959228515625,0.006103515625,0.01715087890625,0.031005859375,0.0,98103
4.0,C1,V31_FRESH,0.1,-0.005429257879600559,-0.01372363504173555,0.0035766169210896884,0.01794073759745879,8,0.003858778211805556,0.008056640625,0.009067111545138888,0.017259385850694444,0.012105305989583337,0.00537109375,0.005859375,0.01416015625,0.01568603515625,0.03228759765625,0.0,98103
8.0,C2,V31_FRESH,0.1,0.020333352395283687,-0.0021496301557254217,0.029339227195973934,0.029514742483468918,8,0.003858778211805556,0.020670572916666664,0.004584418402777778,0.01671685112847222,0.02210828993055556,0.00537109375,0.02886962890625,0.00738525390625,0.011962890625,0.030517578125,0.0,98103
12.0,C3,V31_FRESH,0.1,0.019583916773283243,0.001017349467904112,0.02858979157397349,0.03268172210709845,8,0.003858778211805556,0.02615695529513889,0.007168240017361109,0.0058051215277777745,0.02473958333333333,0.00537109375,0.01763916015625,0.01275634765625,0.01123046875,0.05377197265625,0.0,98103
20.0,C4,V31_FRESH,0.1,0.005036652201240905,-0.03853481987213105,0.014042527001931152,-0.006870447232936713,8,0.003858778211805556,0.027859157986111115,0.010579427083333332,0.013156467013888888,0.020731608072916668,0.00537109375,0.01611328125,0.02392578125,0.01324462890625,0.015625,0.0,98103
16.0,C5,V31_FRESH,0.55,0.017091429731468242,-0.0060939554923944775,0.02609730453215849,0.025570417146799862,8,0.003858778211805556,0.006625705295138889,0.007161458333333332,0.015197753906249997,0.026801215277777783,0.00537109375,0.0078125,0.01129150390625,0.020751953125,0.04010009765625,0.0,98103
12.0,C6,V31_FRESH,0.1,-0.024665661246447295,-0.022136098760120827,-0.015659786445757048,0.00952827387907351,8,0.003858778211805556,0.006517198350694442,0.003363715277777778,0.007948133680555556,0.00198025173611111,0.00537109375,0.007080078125,0.005859375,0.00689697265625,0.00927734375,0.5,98103
12.0,C7,V31_FRESH,0.1,-0.000850603403696755,-0.03231793322653587,0.008155271396993492,-0.0006535605873415242,8,0.003858778211805556,0.0031738281250000017,0.002610948350694445,0.0019056532118055562,0.0035332573784722207,0.00537109375,0.00543212890625,0.016845703125,0.00836181640625,0.01422119140625,1.0,98103
0.0,C0,V31_FRESH,0.1,0.0,0.0,0.0070293502471772025,-0.024238017700148058,8,0.002224392361111111,0.007676866319444444,0.005723741319444444,0.009847005208333336,0.008741590711805556,0.00152587890625,0.01617431640625,0.02294921875,0.01806640625,0.00738525390625,0.0,98104
4.0,C1,V31_FRESH,0.1,-0.0026717790712911787,0.02811840546023813,0.004357571175886024,0.0038803877600900715,8,0.002224392361111111,0.003200954861111111,0.014539930555555552,0.0025566948784722233,0.012485080295138893,0.00152587890625,0.0078125,0.016845703125,0.00494384765625,0.01568603515625,0.0,98104
8.0,C2,V31_FRESH,0.1,0.003951552515428404,0.048888362739296906,0.010980902762605606,0.02465034503914885,8,0.002224392361111111,0.008490668402777778,0.008436414930555556,0.010986328125,0.014546712239583332,0.00152587890625,0.02886962890625,0.013671875,0.015380859375,0.042236328125,0.0,98104
12.0,C3,V31_FRESH,0.1,0.010143905195961096,0.04390363956843803,0.0171732554431383,0.019665621868289965,8,0.002224392361111111,0.009989420572916668,0.008219401041666666,0.009067111545138888,0.018093532986111112,0.00152587890625,0.01373291015625,0.0078125,0.0244140625,0.023681640625,0.0,98104
20.0,C4,V31_FRESH,0.1,-0.02989792617105488,0.019957403660083507,-0.022868575923877678,-0.004280614040064553,8,0.002224392361111111,0.011942545572916668,0.014133029513888888,0.011121961805555556,0.004835340711805557,0.00152587890625,0.01959228515625,0.01171875,0.01763916015625,0.010498046875,0.0,98104
16.0,C5,V31_FRESH,0.55,-0.004635501028871704,0.025629419200245886,0.002393849218305499,0.0013914015000978267,8,0.002224392361111111,0.0033162434895833343,0.00857883029513889,0.00857204861111111,0.009548611111111112,0.00152587890625,0.01129150390625,0.01275634765625,0.02197265625,0.01513671875,0.0,98104
12.0,C6,V31_FRESH,0.1,0.00439332005114643,0.026631804935215487,0.011422670298323633,0.0023937872350674296,8,0.002224392361111111,0.007839626736111112,0.004069010416666667,0.0011461046006944445,0.005269368489583331,0.00152587890625,0.01806640625,0.01129150390625,0.001953125,0.00885009765625,0.5,98104
12.0,C7,V31_FRESH,0.1,-0.012826626899444468,0.02188196666065428,-0.005797276652267265,-0.0023560510394937777,8,0.002224392361111111,0.0016343858506944438,0.0014173719618055553,0.0017971462673611106,0.0011461046006944445,0.00152587890625,0.005126953125,0.00543212890625,0.00689697265625,0.005126953125,1.0,98104
0.0,C0,V31_FRESH,0.1,0.0,0.0,0.004718676210466648,0.003820253627926358,8,0.0018446180555555555,0.007873535156249998,0.009284125434027778,0.010823567708333332,0.011827256944444444,0.00299072265625,0.01959228515625,0.009033203125,0.0126953125,0.011474609375,0.0,98105
4.0,C1,V31_FRESH,0.1,0.00273643464364794,0.0030875129659851132,0.007455110854114588,0.006907766593911471,8,0.0018446180555555555,0.00792778862847222,0.005316840277777779,0.004130045572916667,0.007059733072916666,0.00299072265625,0.01226806640625,0.005615234375,0.01519775390625,0.00933837890625,0.0,98105
8.0,C2,V31_FRESH,0.1,-0.03569480110555397,-0.02417334478901167,-0.03097612489508732,-0.020353091161085312,8,0.0018446180555555555,0.01888699001736111,0.01644558376736111,0.005377875434027779,0.003282335069444444,0.00299072265625,0.0224609375,0.014404296875,0.010498046875,0.00543212890625,0.0,98105
12.0,C3,V31_FRESH,0.1,-0.02046832850206076,0.011746651078718752,-0.01574965229159411,0.01556690470664511,8,0.0018446180555555555,0.007703993055555556,0.008897569444444444,0.01426866319444445,0.004828559027777777,0.00299072265625,0.013916015625,0.004638671875,0.02691650390625,0.01324462890625,0.0,98105
20.0,C4,V31_FRESH,0.1,-0.004218925908301799,0.0030326838220182096,0.0004997503021648487,0.006852937449944568,8,0.0018446180555555555,0.029195149739583332,0.007493760850694443,0.014926486545138888,0.00879584418402778,0.00299072265625,0.03076171875,0.0078125,0.01953125,0.01275634765625,0.0,98105
16.0,C5,V31_FRESH,0.55,-0.038257916449346445,-0.036400018371374084,-0.033539240238879796,-0.032579764743447724,8,0.0018446180555555555,0.017313639322916668,0.010206434461805552,0.014865451388888888,0.0024481879340277762,0.00299072265625,0.017333984375,0.019775390625,0.03424072265625,0.005126953125,0.0,98105
12.0,C6,V31_FRESH,0.1,-0.026689627854171165,-0.026509435403126558,-0.021970951643704516,-0.0226891817752002,8,0.0018446180555555555,0.009412977430555554,0.006842719184027776,0.013678656684027778,0.002936469184027778,0.00299072265625,0.01666259765625,0.01513671875,0.033203125,0.00640869140625,0.5,98105
12.0,C7,V31_FRESH,0.1,-0.0030316923085679046,-0.005414902246554943,0.0016869839018987434,-0.001594648618628585,8,0.0018446180555555555,0.0008680555555555555,0.003479003906250001,0.0020141601562500004,0.0033637152777777793,0.00299072265625,0.00494384765625,0.00640869140625,0.01861572265625,0.00738525390625,1.0,98105
0.0,C0,V31_FRESH,0.1,0.0,0.0,0.008378377767034937,0.008104387979969728,8,0.004882812500000002,0.014383951822916666,0.005594889322916666,0.006462944878472221,0.008382161458333336,0.0068359375,0.01812744140625,0.009033203125,0.01275634765625,0.013916015625,0.0,98106
4.0,C1,V31_FRESH,0.1,0.018394588667745126,0.015162271869821789,0.02677296643478006,0.023266659849791517,8,0.004882812500000002,0.01324462890625,0.0013292100694444443,0.012830946180555556,0.006944444444444444,0.0068359375,0.02392578125,0.00396728515625,0.0107421875,0.01373291015625,0.0,98106
8.0,C2,V31_FRESH,0.1,0.007844464889008003,-0.002696981556007336,0.01622284265604294,0.005407406423962392,8,0.004882812500000002,0.00515407986111111,0.004509819878472222,0.004801432291666668,0.009446885850694444,0.0068359375,0.01080322265625,0.01470947265625,0.01422119140625,0.01861572265625,0.0,98106
12.0,C3,V31_FRESH,0.1,0.014552575791158746,0.004430446768074581,0.022930953558193683,0.012534834748044309,8,0.004882812500000002,0.01421440972222222,0.004347059461805556,0.010009765624999998,0.01435004340277778,0.0068359375,0.02105712890625,0.017333984375,0.021728515625,0.03179931640625,0.0,98106
20.0,C4,V31_FRESH,0.1,0.015440240101947693,0.005050873172483409,0.02381861786898263,0.013155261152453137,8,0.004882812500000002,0.010260687934027776,0.010423448350694444,0.0013292100694444454,0.020073784722222217,0.0068359375,0.00933837890625,0.019287109375,0.00445556640625,0.02593994140625,0.0,98106
16.0,C5,V31_FRESH,0.55,-0.012542049123201903,-0.013492757310741189,-0.004163671356166966,-0.005388369330771461,8,0.004882812500000002,0.0073310004340277814,0.0034722222222222207,0.00418429904513889,0.00299072265625,0.0068359375,0.0126953125,0.00738525390625,0.009521484375,0.006103515625,0.0,98106
12.0,C6,V31_FRESH,0.1,-0.004254629429938274,-0.004341559289224556,0.004123748337096663,0.0037628286907451717,8,0.004882812500000002,0.00646294487847222,0.006951226128472221,0.006300184461805556,0.008199055989583332,0.0068359375,0.01422119140625,0.01025390625,0.015869140625,0.01324462890625,0.5,98106
12.0,C7,V31_FRESH,0.1,0.005810178247021149,0.006046275464036898,0.014188556014056086,0.014150663444006626,8,0.004882812500000002,0.003472222222222223,0.0016886393229166672,0.0021158854166666687,0.0033365885416666687,0.0068359375,0.009033203125,0.006591796875,0.012939453125,0.01422119140625,1.0,98106
0.0,C0,AFFINE_BOOLEAN_V1,0.1,0.0,0.0,0.008022527403983853,-0.01604441344816093,8,0.0016547309027777775,0.002556694878472223,0.0027669270833333343,0.004964192708333332,0.00445556640625,0.00152587890625,0.0078125,0.010498046875,0.00885009765625,0.00494384765625,0.0,99101
4.0,C1,AFFINE_BOOLEAN_V1,0.1,-0.021285312661167823,0.0057434339562464545,-0.013262785257183971,-0.010300979491914474,8,0.0016547309027777775,0.007059733072916666,0.006212022569444446,0.008958604600694444,0.003689236111111112,0.00152587890625,0.007080078125,0.0107421875,0.01177978515625,0.00689697265625,0.0,99101
8.0,C2,AFFINE_BOOLEAN_V1,0.1,-0.012278235522768258,0.010900389850484051,-0.004255708118784404,-0.005144023597676877,8,0.0016547309027777775,0.0036417643229166665,0.00417751736111111,0.0031467013888888894,0.003261990017361111,0.00152587890625,0.00396728515625,0.009765625,0.00543212890625,0.00689697265625,0.0,99101
12.0,C3,AFFINE_BOOLEAN_V1,0.1,-0.01405372637439253,0.03142930067715213,-0.006031198970408678,0.015384887228991201,8,0.0016547309027777775,0.005377875434027776,0.006191677517361112,0.004340277777777778,0.004401312934027778,0.00152587890625,0.00494384765625,0.005126953125,0.00250244140625,0.00885009765625,0.0,99101
20.0,C4,AFFINE_BOOLEAN_V1,0.1,-0.02544444972514911,0.015094426235436394,-0.017421922321165254,-0.0009499872127245353,8,0.0016547309027777775,0.0038791232638888886,0.006896972656249999,0.00809054904513889,0.003261990017361111,0.00152587890625,0.00543212890625,0.009765625,0.00738525390625,0.00885009765625,0.0,99101
16.0,C5,AFFINE_BOOLEAN_V1,0.55,-0.019231768690817254,0.007232003135880211,-0.0112092412868334,-0.008812410312280718,8,0.0016547309027777775,0.005967881944444445,0.005316840277777778,0.006184895833333334,0.003316243489583334,0.00152587890625,0.009521484375,0.010498046875,0.00885009765625,0.0068359375,0.0,99101
12.0,C6,AFFINE_BOOLEAN_V1,0.1,0.004359278849645912,-0.002828897698347408,0.012381806253629765,-0.018873311146508337,8,0.0016547309027777775,0.0029907226562499996,0.00494384765625,0.0025024414062500004,0.007514105902777779,0.00152587890625,0.00445556640625,0.020263671875,0.00634765625,0.00689697265625,0.5,99101
12.0,C7,AFFINE_BOOLEAN_V1,0.1,-0.011176487655346245,0.010172141097499997,-0.0031539602513623918,-0.005872272350660932,8,0.0016547309027777775,0.003316243489583334,0.0012207031250000004,0.006300184461805558,0.0014716254340277778,0.00152587890625,0.003662109375,0.003173828125,0.0087890625,0.00299072265625,1.0,99101
0.0,C0,AFFINE_BOOLEAN_V1,0.1,0.0,0.0,0.0016217842220042702,1.2113526306256191e-17,8,0.00543212890625,0.010606553819444446,0.002882215711805556,0.01123725043402778,0.004069010416666666,0.00689697265625,0.00250244140625,0.00543212890625,0.00543212890625,0.00543212890625,0.0,99102
4.0,C1,AFFINE_BOOLEAN_V1,0.1,-0.010924556535181278,-0.03312350487040913,-0.009302772313177008,-0.03312350487040912,8,0.00543212890625,0.007161458333333333,0.00933837890625,0.01066080729166667,0.00632052951388889,0.00689697265625,0.0048828125,0.01220703125,0.00738525390625,0.00250244140625,0.0,99102
8.0,C2,AFFINE_BOOLEAN_V1,0.1,0.015665413708711353,-0.003811586128248179,0.017287197930715623,-0.003811586128248167,8,0.00543212890625,0.004998101128472222,0.003316243489583333,0.011474609375,0.009223090277777778,0.00689697265625,0.004150390625,0.00738525390625,0.00982666015625,0.006591796875,0.0,99102
12.0,C3,AFFINE_BOOLEAN_V1,0.1,-0.009452884430950353,-0.012804433517727908,-0.007831100208946083,-0.012804433517727896,8,0.00543212890625,0.003533257378472222,0.006245930989583332,0.00661892361111111,0.004448784722222223,0.00689697265625,0.00445556640625,0.009033203125,0.0078125,0.00494384765625,0.0,99102
20.0,C4,AFFINE_BOOLEAN_V1,0.1,-0.0255892821360337,-0.005621001541148439,-0.02396749791402943,-0.005621001541148427,8,0.00543212890625,0.00250244140625,0.011074490017361112,0.01605902777777778,0.004075792100694443,0.00689697265625,0.002197265625,0.011962890625,0.00933837890625,0.00885009765625,0.0,99102
16.0,C5,AFFINE_BOOLEAN_V1,0.55,-0.010686342406159167,-0.007569638376116643,-0.009064558184154897,-0.007569638376116631,8,0.00543212890625,0.0012003580729166678,0.006842719184027778,0.006103515625,0.00445556640625,0.00689697265625,0.002685546875,0.0126953125,0.00152587890625,0.00592041015625,0.0,99102
12.0,C6,AFFINE_BOOLEAN_V1,0.1,0.020662129848980238,0.0024006837080328245,0.02228391407098451,0.0024006837080328366,8,0.00543212890625,0.010640462239583334,0.0017428927951388892,0.005316840277777778,0.005913628472222221,0.00689697265625,0.0078125,0.0078125,0.00640869140625,0.00836181640625,0.5,99102
12.0,C7,AFFINE_BOOLEAN_V1,0.1,0.007667344180727299,-0.008136877306605566,0.00928912840273157,-0.008136877306605554,8,0.00543212890625,0.001146104600694444,0.0026109483506944436,0.0018513997395833343,0.003696017795138888,0.00689697265625,0.00201416015625,0.00933837890625,0.00592041015625,0.00592041015625,1.0,99102
0.0,C0,AFFINE_BOOLEAN_V1,0.1,0.0,0.0,0.004177114622034932,-0.0006023095352372782,8,0.005323621961805555,0.005805121527777779,0.004672580295138889,0.011338975694444444,0.006727430555555557,0.00885009765625,0.004638671875,0.0107421875,0.006103515625,0.00933837890625,0.0,99103
4.0,C1,AFFINE_BOOLEAN_V1,0.1,-0.010454043212796036,0.0217332368674515,-0.006276928590761103,0.021130927332214222,8,0.005323621961805555,0.004347059461805556,0.006863064236111112,0.00434027777777778,0.004726833767361109,0.00885009765625,0.009765625,0.00390625,0.012451171875,0.0126953125,0.0,99103
8.0,C2,AFFINE_BOOLEAN_V1,0.1,-0.024015924754929304,0.006186163593552377,-0.01983881013289437,0.005583854058315099,8,0.005323621961805555,0.003065321180555556,0.006917317708333336,0.008409288194444444,0.00295681423611111,0.00885009765625,0.00250244140625,0.00732421875,0.0068359375,0.00927734375,0.0,99103
12.0,C3,AFFINE_BOOLEAN_V1,0.1,-0.012003575268773919,0.010629818307409328,-0.007826460646738987,0.01002750877217205,8,0.005323621961805555,0.007459852430555557,0.007758246527777778,0.009114583333333334,0.00564236111111111,0.00885009765625,0.00592041015625,0.004638671875,0.00933837890625,0.00836181640625,0.0,99103
20.0,C4,AFFINE_BOOLEAN_V1,0.1,-0.0038925287668581834,0.011295642400535112,0.0002845858551767488,0.010693332865297833,8,0.005323621961805555,0.00347900390625,0.004075792100694444,0.005615234374999998,0.004401312934027777,0.00885009765625,0.006591796875,0.006103515625,0.00299072265625,0.008544921875,0.0,99103
16.0,C5,AFFINE_BOOLEAN_V1,0.55,-0.018534602066282296,-0.008245811088588208,-0.014357487444247365,-0.008848120623825487,8,0.005323621961805555,0.006625705295138888,0.012702094184027778,0.009663899739583334,0.00632052951388889,0.00885009765625,0.01568603515625,0.008056640625,0.006103515625,0.005126953125,0.0,99103
12.0,C6,AFFINE_BOOLEAN_V1,0.1,-0.009672414769644363,0.0013790138530990223,-0.005495300147609431,0.0007767043178617441,8,0.005323621961805555,0.002339680989583334,0.009684244791666664,0.0033908420138888903,0.00613742404513889,0.00885009765625,0.009033203125,0.0087890625,0.002197265625,0.00689697265625,0.5,99103
12.0,C7,AFFINE_BOOLEAN_V1,0.1,0.007571080033002188,0.027793469174997813,0.01174819465503712,0.027191159639760536,8,0.005323621961805555,0.001817491319444444,0.0010850694444444443,0.003580729166666666,0.002332899305555555,0.00885009765625,0.00250244140625,0.00103759765625,0.00689697265625,0.005126953125,1.0,99103
0.0,C0,AFFINE_BOOLEAN_V1,0.1,0.0,0.0,-0.0004161078709293452,-0.019105142051047786,8,0.0021226671006944454,0.004882812500000001,0.005018446180555556,0.006130642361111112,0.005126953125,0.003173828125,0.006591796875,0.01617431640625,0.0029296875,0.0048828125,0.0,99104
4.0,C1,AFFINE_BOOLEAN_V1,0.1,0.008667303960376828,0.027624066542103747,0.008251196089447483,0.00851892449105596,8,0.0021226671006944454,0.004475911458333335,0.0038519965277777767,0.007731119791666667,0.00640869140625,0.003173828125,0.002197265625,0.001953125,0.010009765625,0.00396728515625,0.0,99104
8.0,C2,AFFINE_BOOLEAN_V1,0.1,0.005800857145662574,0.021277620334630525,0.0053847492747332295,0.002172478283582739,8,0.0021226671006944454,0.006347656250000002,0.007276746961805556,0.0025566948784722225,0.007514105902777778,0.003173828125,0.007568359375,0.00830078125,0.00439453125,0.008056640625,0.0,99104
12.0,C3,AFFINE_BOOLEAN_V1,0.1,-0.015954157512996104,0.0034032360093487132,-0.01637026538392545,-0.015701906041699073,8,0.0021226671006944454,0.005757649739583334,0.006537543402777778,0.006130642361111111,0.003099229600694445,0.003173828125,0.0068359375,0.01373291015625,0.009765625,0.00634765625,0.0,99104
20.0,C4,AFFINE_BOOLEAN_V1,0.1,0.01780539131140286,0.008855915100023337,0.017389283440473514,-0.010249226951024449,8,0.0021226671006944454,0.0038587782118055564,0.006245930989583336,0.005486382378472222,0.013264973958333334,0.003173828125,0.01031494140625,0.0146484375,0.00732421875,0.008056640625,0.0,99104
16.0,C5,AFFINE_BOOLEAN_V1,0.55,-0.007163493646301599,0.02193951359775031,-0.007579601517230944,0.0028343715467025223,8,0.0021226671006944454,0.004720052083333334,0.006679958767361112,0.0024956597222222225,0.00390625,0.003173828125,0.004638671875,0.0087890625,0.006103515625,0.00927734375,0.0,99104
12.0,C6,AFFINE_BOOLEAN_V1,0.1,-0.026134339069683037,-0.0050883995435243475,-0.02655044694061238,-0.024193541594572134,8,0.0021226671006944454,0.010904947916666668,0.009663899739583332,0.0027398003472222233,0.002285427517361112,0.003173828125,0.0166015625,0.013916015625,0.00592041015625,0.00396728515625,0.5,99104
12.0,C7,AFFINE_BOOLEAN_V1,0.1,-0.007406158767811194,0.0005458803801202707,-0.00782226663874054,-0.018559261670927515,8,0.0021226671006944454,0.001844618055555555,0.0019531250000000004,0.001200358072916666,0.0012478298611111112,0.003173828125,0.00299072265625,0.00341796875,0.0068359375,0.001708984375,1.0,99104
0.0,C0,AFFINE_BOOLEAN_V1,0.1,0.0,0.0,0.005157442638282077,-0.016612214979210695,8,0.002068413628472223,0.002848307291666668,0.008795844184027776,0.003309461805555555,0.009114583333333332,0.01080322265625,0.00732421875,0.00933837890625,0.00494384765625,0.00390625,0.0,99105
4.0,C1,AFFINE_BOOLEAN_V1,0.1,-0.0035833335334872875,0.015247510522805678,0.00157410910479479,-0.0013647044564050177,8,0.002068413628472223,0.006300184461805557,0.004672580295138889,0.003479003906249999,0.004726833767361112,0.01080322265625,0.019775390625,0.005859375,0.012451171875,0.00640869140625,0.0,99105
8.0,C2,AFFINE_BOOLEAN_V1,0.1,-0.010057616167833544,0.0222230418505427,-0.004900173529551467,0.005610826871332005,8,0.002068413628472223,0.004747178819444444,0.006971571180555556,0.011996799045138888,0.006239149305555558,0.01080322265625,0.01025390625,0.01171875,0.00787353515625,0.013916015625,0.0,99105
12.0,C3,AFFINE_BOOLEAN_V1,0.1,-0.009678494446557218,0.017164684272467045,-0.004521051808275141,0.0005524692932563505,8,0.002068413628472223,0.006951226128472223,0.004347059461805557,0.007514105902777778,0.003960503472222224,0.01080322265625,0.00836181640625,0.008056640625,0.006103515625,0.0078125,0.0,99105
20.0,C4,AFFINE_BOOLEAN_V1,0.1,-0.013900816969275444,0.03747096761212375,-0.008743374330993366,0.02085875263291305,8,0.002068413628472223,0.006483289930555555,0.004509819878472223,0.003370496961805555,0.002875434027777778,0.01080322265625,0.002197265625,0.00347900390625,0.00640869140625,0.010009765625,0.0,99105
16.0,C5,AFFINE_BOOLEAN_V1,0.55,0.0005223710510453188,0.012240465440394073,0.005679813689327396,-0.004371749538816623,8,0.002068413628472223,0.00781928168402778,0.003641764322916666,0.002231174045138889,0.004258897569444446,0.01080322265625,0.00494384765625,0.01171875,0.00152587890625,0.00640869140625,0.0,99105
12.0,C6,AFFINE_BOOLEAN_V1,0.1,-0.022938411889837772,0.0008882210008478962,-0.017780969251555694,-0.0157239939783628,8,0.002068413628472223,0.0016276041666666665,0.005811903211805557,0.002604166666666667,0.002231174045138889,0.01080322265625,0.004150390625,0.01177978515625,0.0048828125,0.0048828125,0.5,99105
12.0,C7,AFFINE_BOOLEAN_V1,0.1,0.0005229968841122127,0.014068650462254358,0.00568043952239429,-0.0025435645169563374,8,0.002068413628472223,0.0017632378472222216,0.004069010416666669,0.0015733506944444447,0.004340277777777778,0.01080322265625,0.003173828125,0.01123046875,0.00244140625,0.00738525390625,1.0,99105
0.0,C0,AFFINE_BOOLEAN_V1,0.1,0.0,0.0,0.01371401678260839,0.004150085319703009,8,0.003580729166666667,0.0036960177951388894,0.004292805989583334,0.00472683376736111,0.008090549045138888,0.00347900390625,0.00640869140625,0.00689697265625,0.00592041015625,0.008056640625,0.0,99106
4.0,C1,AFFINE_BOOLEAN_V1,0.1,-0.01574855369132057,0.006214017665322911,-0.0020345369087121775,0.01036410298502592,8,0.003580729166666667,0.010091145833333332,0.00613742404513889,0.005805121527777778,0.005540635850694446,0.00347900390625,0.007568359375,0.00640869140625,0.006591796875,0.01025390625,0.0,99106
8.0,C2,AFFINE_BOOLEAN_V1,0.1,-0.007586490194933215,0.007872323652466158,0.006127526587675175,0.012022408972169168,8,0.003580729166666667,0.013780381944444444,0.005072699652777778,0.007242838541666664,0.007168240017361112,0.00347900390625,0.01171875,0.00640869140625,0.00982666015625,0.011962890625,0.0,99106
12.0,C3,AFFINE_BOOLEAN_V1,0.1,-0.011006856592569173,-0.007389476214085808,0.002707160190039218,-0.0032393908943827987,8,0.003580729166666667,0.00662570529513889,0.005323621961805556,0.00290256076388889,0.005323621961805557,0.00347900390625,0.00836181640625,0.008056640625,0.006103515625,0.006591796875,0.0,99106
20.0,C4,AFFINE_BOOLEAN_V1,0.1,-0.007878362029646785,0.027720076288193774,0.005835654752961606,0.03187016160789678,8,0.003580729166666667,0.009935167100694444,0.00250244140625,0.007439507378472221,0.004041883680555556,0.00347900390625,0.01226806640625,0.00299072265625,0.00787353515625,0.01513671875,0.0,99106
16.0,C5,AFFINE_BOOLEAN_V1,0.55,-0.011230618219995159,-0.005927468631169854,0.0024833985626132316,-0.0017773833114668454,8,0.003580729166666667,0.0029907226562500004,0.004075792100694443,0.005452473958333335,0.004828559027777779,0.00347900390625,0.01031494140625,0.005615234375,0.00836181640625,0.005615234375,0.0,99106
12.0,C6,AFFINE_BOOLEAN_V1,0.1,-0.007582054728071728,-0.002983011137846727,0.006131962054536662,0.0011670741818562821,8,0.003580729166666667,0.005323621961805555,0.0031738281249999987,0.003607855902777777,0.004286024305555556,0.00347900390625,0.00933837890625,0.00390625,0.009765625,0.00494384765625,0.5,99106
12.0,C7,AFFINE_BOOLEAN_V1,0.1,-0.03689885970610585,-0.0015885569644974347,-0.023184842923497456,0.0025615283552055746,8,0.003580729166666667,0.010118272569444444,0.009494357638888888,0.003099229600694444,0.0026855468750000004,0.00347900390625,0.012939453125,0.00445556640625,0.00396728515625,0.0048828125,1.0,99106
